"FIPS","County","State","Pop.in.Juvenile.Facilities..2010.","Pop.in.Mental..psych..hosp..2010.","ST.inpt.days.psych..2019.","ST.inpt.days.rehab..2019.","LT.inpt.days.gen.med..2019.","LT.inpt.days.in.psych..2019.","LT.inpt.days.rehab..2019.","Emergency.dept.visits..2019.","X3.yr.suicides..2017.2019.","Pop.est..2019.","Census.pop..2010.","Median.age..2010.","pct.white..2010.","pct.black..2010.","pct.am.ind..2010.","pct.asian..2010.","pct.PI..2010.","pct...2.race..2010.","pct.other..2010.","pct.urban.pop..2010.","med.HH.income..2019.est.","persons.in.poverty..2019.est.","no.HH..2010.","X..single.parent.HH..2010.","pct.25..hs.dip..15.19.","pct.25..hs.dip.or.mas..15.19.","pct.25..4yr.college..15.19.","no_obs","skateparks","Name","Deaths","Population","CrudeRate"
48001,"Anderson","TX",0,0,0,0,0,0,0,30711,19,57735,58458,39.1,66.1,21.1,0.4,0.5,0,1.7,10.2,32.9,48461,8702,17218,2145,18.7,81.3,10.6,NA,0,"Anderson County, TX",13819,1256976,"1099.4"
48003,"Andrews","TX",0,0,0,0,0,0,0,9307,NA,18705,14786,33.4,79.5,1.5,1,0.6,0,2,15.5,83.5,74918,1888,5259,625,27.7,72.3,12.2,1,1,"Andrews County, TX",2705,336436,"804.0"
48005,"Angelina","TX",11,0,6776,0,0,0,0,64544,13,86715,86771,36.3,72.1,15,0.5,0.9,0,1.8,9.8,56.9,51750,13131,31090,4239,18.1,81.9,16.9,1,1,"Angelina County, TX",18725,1867950,"1002.4"
48007,"Aransas","TX",3,0,0,0,0,0,0,0,NA,23510,23158,49,87.4,1.3,0.7,2,0,2.3,6.3,72.7,53085,4313,9795,891,15.5,84.5,21.9,1,1,"Aransas County, TX",6995,519808,"1345.7"
48009,"Archer","TX",0,0,0,0,0,0,0,0,NA,8553,9054,42.6,93.9,0.4,0.7,0.2,0,1.5,3.3,11,63731,877,3538,254,9.7,90.3,23.9,NA,0,"Archer County, TX",1718,194894,"881.5"
48011,"Armstrong","TX",0,0,0,0,0,0,0,0,NA,1887,1901,46.2,93.3,0.6,0.8,0,0,1.1,4.2,0,64424,194,751,46,13.1,86.9,22.8,NA,0,"Armstrong County, TX",619,43288,"1430.0"
48013,"Atascosa","TX",0,8,0,0,0,0,0,21051,NA,51153,44911,36.2,84.9,0.8,0.8,0.3,0.1,2.3,10.9,39.3,57309,7434,15246,2073,22.9,77.1,14.4,2,2,"Atascosa County, TX",8086,989312,"817.3"
48015,"Austin","TX",26,0,0,0,0,0,0,5000,NA,30032,28417,40.7,78.8,9.4,0.5,0.4,0,2.2,8.8,33.7,68311,3312,10837,1085,16,84,23.9,1,1,"Austin County, TX",6061,606805,"998.8"
48017,"Bailey","TX",0,0,0,0,0,0,0,2729,NA,7000,7165,32.5,75.3,1.2,1.4,0.4,0.1,2,19.6,71.2,46174,1093,2468,298,23.1,76.9,17.2,NA,0,"Bailey County, TX",1352,152921,"884.1"
48019,"Bandera","TX",118,0,0,0,0,0,0,0,NA,23112,20485,48.8,92.8,0.5,0.8,0.3,0,1.8,3.8,0,59604,2947,8564,578,10.7,89.3,22.8,NA,0,"Bandera County, TX",4391,448206,"979.7"
48021,"Bastrop","TX",0,0,0,0,0,0,0,6502,15,88723,74171,38.4,73.8,7.8,1,0.7,0.1,2.9,13.8,36.1,62627,12091,25840,2944,18.1,81.9,20.7,1,1,"Bastrop County, TX",12664,1619517,"782.0"
48023,"Baylor","TX",0,0,0,0,0,0,0,2134,NA,3509,3726,47,91.5,2,0.3,0.1,0.1,2.1,3.9,0,41539,546,1669,130,14.5,85.5,22.8,NA,0,"Baylor County, TX",1399,82854,"1688.5"
48025,"Bee","TX",64,0,0,0,0,0,0,23173,NA,32565,31861,35.4,78.8,8.1,0.5,0.6,0.1,2.3,9.7,57,44171,5938,9042,1369,24.6,75.4,8.9,2,2,"Bee County, TX",5352,710723,"753.0"
48027,"Bell","TX",37,40,16099,0,0,0,0,282829,66,362924,310235,29.6,61.4,21.5,0.8,2.8,0.8,5,7.7,84.8,54831,48565,114035,16476,9,91,25.2,3,3,"Bell County, TX",42455,6619482,"641.4"
48029,"Bexar","TX",739,517,110698,50869,0,85637,0,1038119,258,2003554,1714773,32.8,72.9,7.5,0.8,2.4,0.1,3.5,12.7,95.5,58956,298018,608931,88035,15.8,84.2,28,15,15,"Bexar County, TX",258866,37395231,"692.2"
48031,"Blanco","TX",0,0,0,0,0,0,0,0,NA,11931,10497,46.7,90.3,0.7,0.7,0.5,0,1.9,5.9,0,68404,1022,4309,316,9.9,90.1,26.5,1,1,"Blanco County, TX",2407,225565,"1067.1"
48033,"Borden","TX",0,0,0,0,0,0,0,0,NA,654,641,46,93.6,0,0.3,0.2,0,1.6,4.4,0,71926,69,264,10,5.3,94.7,39.5,1,1,"Borden County, TX",105,14422,"728.1"
48035,"Bosque","TX",0,0,0,0,0,0,0,4654,NA,18685,18212,45.2,89.9,1.6,0.6,0.2,0,1.7,5.9,18.8,55179,2513,7254,631,13.5,86.5,19.8,2,2,"Bosque County, TX",5630,395196,"1424.6"
48037,"Bowie","TX",16,0,0,26119,0,0,0,105425,17,93245,92565,37.9,68.8,24.2,0.7,0.8,0.1,2.1,3.3,64.6,51207,14627,34669,4938,11.2,88.8,20.6,1,1,"Bowie County, TX",22026,2015139,"1093.0"
48039,"Brazoria","TX",164,0,0,13886,0,0,0,66556,49,374264,313166,35.1,70.1,12.1,0.6,5.5,0,2.6,9.2,77.5,83704,31116,106589,12325,12.1,87.9,30,1,1,"Brazoria County, TX",44444,6788887,"654.7"
48041,"Brazos","TX",87,0,13362,16803,0,0,0,115928,22,229211,194851,24.5,73.3,11,0.4,5.2,0.1,2.3,7.7,87.9,54471,42898,71739,6574,12.8,87.2,41.7,4,4,"Brazos County, TX",19636,4200418,"467.5"
48043,"Brewster","TX",0,0,0,0,0,0,0,6215,NA,9203,9232,41.5,86.6,1.1,1.1,0.7,0.1,2.8,7.6,65.1,48581,1198,4207,330,14.3,85.7,40,NA,0,"Brewster County, TX",1716,199683,"859.4"
48045,"Briscoe","TX",0,0,0,0,0,0,0,0,NA,1546,1637,45.7,87.5,2.5,0.2,0,0,2.4,7.3,0,44259,232,692,45,13.9,86.1,19.8,NA,0,"Briscoe County, TX",434,35973,"1206.5"
48047,"Brooks","TX",0,0,0,0,0,0,0,0,NA,7093,7223,37.7,89.6,0.5,0.3,0.3,0,1.4,7.9,68.2,31410,2082,2642,472,31.2,68.8,15.7,NA,0,"Brooks County, TX",1783,162609,"1096.5"
48049,"Brown","TX",120,0,0,0,0,0,0,21690,NA,37864,38106,40.1,86.5,3.6,0.6,0.4,0,2.1,6.7,59.6,56040,4965,14778,1613,12.8,87.2,19.1,1,1,"Brown County, TX",10768,834290,"1290.7"
48051,"Burleson","TX",0,0,0,0,0,0,0,5867,NA,18443,17187,43,77.9,12.2,0.6,0.2,0,1.9,7.2,23.3,61745,2506,6822,642,17.5,82.5,17.3,NA,0,"Burleson County, TX",4214,379769,"1109.6"
48053,"Burnet","TX",8,0,0,0,0,0,0,30117,NA,48155,42750,43.2,88.5,1.8,0.7,0.5,0,1.9,6.7,44.3,62827,4943,16511,1508,11.7,88.3,25.4,3,3,"Burnet County, TX",9690,926459,"1045.9"
48055,"Caldwell","TX",168,0,0,0,0,0,0,9816,NA,43664,38066,34.8,75.8,6.8,0.8,0.9,0,2.5,13.1,57.7,55301,6044,12301,1673,21.8,78.2,14.6,2,2,"Caldwell County, TX",6943,838100,"828.4"
48057,"Calhoun","TX",0,0,0,0,0,0,0,9598,NA,21290,21381,38.4,81.5,2.6,0.5,4.4,0,2.1,8.8,55.3,55909,3088,7766,926,20.7,79.3,14.2,1,1,"Calhoun County, TX",4298,466308,"921.7"
48059,"Callahan","TX",0,0,0,0,0,0,0,0,NA,13943,13544,43,93.9,1,0.6,0.4,0.1,1.8,2.2,27.8,50812,1675,5447,509,11.8,88.2,21,NA,0,"Callahan County, TX",3576,295277,"1211.1"
48061,"Cameron","TX",241,19,18628,10957,0,0,0,193687,37,423163,406220,30.6,87,0.5,0.4,0.7,0,1.5,9.8,91.6,40893,106976,119631,20974,32.1,67.9,17.3,3,3,"Cameron County, TX",52906,8628899,"613.1"
48063,"Camp","TX",0,0,0,0,0,0,0,14514,NA,13094,12401,38.3,67.8,17.4,0.7,0.5,0.1,2.7,10.8,38.5,47091,2151,4678,595,12.8,87.2,19.4,NA,0,"Camp County, TX",3246,270058,"1202.0"
48065,"Carson","TX",0,0,0,0,0,0,0,0,NA,5926,6182,42.4,93.9,0.6,1.1,0.3,0,1.7,2.5,4.8,69760,504,2452,201,6.7,93.3,28.4,1,1,"Carson County, TX",1445,136891,"1055.6"
48067,"Cass","TX",0,0,0,0,0,0,0,0,NA,30026,30464,43.1,79,17.4,0.5,0.3,0,1.4,1.3,26,44529,5103,12429,1459,14.1,85.9,16.4,NA,0,"Cass County, TX",8900,664301,"1339.8"
48069,"Castro","TX",0,0,0,0,0,0,0,2154,NA,7530,8062,33.9,68.6,2,0.9,0.4,0,1.6,26.4,54.2,51736,1138,2744,298,25.9,74.1,15.6,1,1,"Castro County, TX",1393,173899,"801.0"
48071,"Chambers","TX",0,0,0,0,0,0,0,4059,NA,43837,35096,36.1,78.6,8.2,0.6,1,0.1,2.1,9.5,54.3,93351,3761,11952,1222,11.5,88.5,22.7,1,1,"Chambers County, TX",5302,752433,"704.6"
48073,"Cherokee","TX",0,268,0,0,0,100897,0,30438,NA,52646,50845,37.4,71.7,14.7,0.7,0.5,0,2.2,10.2,37,46576,8221,17894,2220,21,79,17.2,NA,0,"Cherokee County, TX",11757,1099831,"1069.0"
48075,"Childress","TX",0,0,0,0,0,0,0,5451,NA,7306,7041,33.7,82,9.9,0.6,0.7,0,1.4,5.3,66.9,44095,1217,2326,246,18,82,18.3,NA,0,"Childress County, TX",1754,158996,"1103.2"
48077,"Clay","TX",0,0,0,0,0,0,0,2241,NA,10471,10752,44.8,95.1,0.5,1.1,0.3,0,1.7,1.3,25.4,59983,1191,4319,327,9.5,90.5,21.4,1,1,"Clay County, TX",2552,237152,"1076.1"
48079,"Cochran","TX",31,0,0,0,0,0,0,446,NA,2853,3127,35.7,73.2,4,1.2,0.2,0.1,2.7,18.7,0,43742,545,1113,138,32.3,67.7,8,1,1,"Cochran County, TX",735,70009,"1049.9"
48081,"Coke","TX",0,0,0,0,0,0,0,0,NA,3387,3320,48.4,91.4,0.2,1.1,0.2,0,1.9,5.1,0,48435,437,1466,112,16.3,83.7,17.8,NA,0,"Coke County, TX",1202,75781,"1586.1"
48083,"Coleman","TX",0,0,0,0,0,0,0,3698,NA,8175,8895,46.3,88.2,2.2,0.7,0.4,0,1.9,6.7,48.5,44834,1429,3857,364,13.5,86.5,15.8,NA,0,"Coleman County, TX",3105,191580,"1620.7"
48085,"Collin","TX",5,0,13181,37521,0,0,0,317668,114,1034730,782341,35,71.6,8.5,0.6,11.2,0.1,3,5.1,94.8,96847,62612,283759,25650,6.2,93.8,52.3,6,6,"Collin County, TX",70391,16922693,"416.0"
48087,"Collingsworth","TX",0,0,0,0,0,0,0,1110,NA,2920,3057,38.6,76.5,4.4,1.7,0.1,0,4.1,13.2,0,40314,566,1179,135,26.1,73.9,20.2,NA,0,"Collingsworth County, TX",953,66723,"1428.3"
48089,"Colorado","TX",0,0,0,0,0,0,0,10348,NA,21493,20874,43.6,75.1,13.1,0.6,0.4,0.1,1.9,8.8,37.4,55607,2867,8182,786,16.9,83.1,21,NA,0,"Colorado County, TX",5728,456804,"1253.9"
48091,"Comal","TX",61,0,0,11747,0,0,0,29341,28,156209,108472,42.5,89.5,1.6,0.6,0.8,0,2.2,5.4,53.9,87976,10407,41363,3444,7.4,92.6,36.8,5,5,"Comal County, TX",21058,2437372,"864.0"
48093,"Comanche","TX",0,0,0,0,0,0,0,5194,NA,13635,13974,43.3,88.9,0.4,0.7,0.3,0,1.6,8.2,28.5,54122,1818,5580,487,15.5,84.5,20.3,NA,0,"Comanche County, TX",4083,301811,"1352.8"
48095,"Concho","TX",0,0,0,0,0,0,0,1448,NA,2726,4087,41.4,86.9,1.9,0.4,0.3,0.1,1.9,8.4,0,43321,404,1041,99,32.1,67.9,13,NA,0,"Concho County, TX",734,85124,"862.3"
48097,"Cooke","TX",261,0,0,0,0,0,0,10267,11,41257,38437,39.4,85.7,2.7,1,0.8,0,2.2,7.5,41,61186,5155,14513,1520,13.9,86.1,20.9,3,3,"Cooke County, TX",8838,847528,"1042.8"
48099,"Coryell","TX",0,0,0,0,0,0,0,7862,16,75951,75388,29.8,70.3,15.8,0.8,1.9,0.9,5,5.1,80.6,53083,7529,22545,2994,12,88,16.1,1,1,"Coryell County, TX",9085,1640622,"553.8"
48101,"Cottle","TX",0,0,0,0,0,0,0,0,NA,1398,1505,47.1,80.5,8.8,0.3,0,0.1,2.1,8.2,0,40449,264,677,67,23.8,76.2,16.8,NA,0,"Cottle County, TX",538,34249,"1570.8"
48103,"Crane","TX",0,0,0,0,0,0,0,1388,NA,4797,4375,35.2,74.1,2.9,1,0.4,0,2.3,19.4,89.3,68626,451,1471,166,20.5,79.5,14.7,NA,0,"Crane County, TX",867,95795,"905.1"
48105,"Crockett","TX",0,0,0,0,0,0,0,0,NA,3464,3719,39.1,83.1,0.8,0.9,0.3,0.1,1.7,13,77.3,54165,476,1422,146,23,77,14,1,1,"Crockett County, TX",848,82883,"1023.1"
48107,"Crosby","TX",0,0,0,0,0,0,0,2312,NA,5737,6059,37.9,79,3.4,0.6,0.1,0.1,2,14.8,0,38871,1247,2237,298,24,76,13.2,NA,0,"Crosby County, TX",1654,137944,"1199.0"
48109,"Culberson","TX",0,0,0,0,0,0,0,1852,NA,2171,2398,38,78.9,0.6,1.3,1,0,2.8,15.4,0,44462,424,908,127,33.7,66.3,10.2,NA,0,"Culberson County, TX",435,54653,"795.9"
48111,"Dallam","TX",0,0,0,0,0,0,0,4711,NA,7287,6703,32.2,80.1,1.3,1.2,0.6,0.1,3.7,13,76.5,55793,821,2448,277,29.6,70.4,15.8,1,1,"Dallam County, TX",1106,146952,"752.6"
48113,"Dallas","TX",603,11,92994,80394,0,0,0,992433,301,2635516,2368139,32.5,53.5,22.3,0.7,5,0.1,2.8,15.5,99.3,61807,363567,855960,122066,20.7,79.3,31.5,6,6,"Dallas County, TX",328557,52777962,"622.5"
48115,"Dawson","TX",4,0,0,0,0,0,0,6283,NA,12728,13833,33.4,76.7,6.5,0.7,0.4,0.1,2.3,13.4,83.7,48165,2338,4385,562,30.1,69.9,14.2,1,1,"Dawson County, TX",3111,303425,"1025.3"
48117,"Deaf Smith","TX",7,0,0,0,0,0,0,8014,NA,18546,19372,31,77.8,1.2,0.9,0.3,0,2.4,17.3,82.3,46178,3104,6365,947,26.2,73.8,12,1,1,"Deaf Smith County, TX",3390,414621,"817.6"
48119,"Delta","TX",0,0,0,0,0,0,0,0,NA,5331,5231,44,85.3,7.3,1.4,0.6,0,2.8,2.7,0,51348,844,2088,214,12.2,87.8,25.1,NA,0,"Delta County, TX",1583,116265,"1361.5"
48121,"Denton","TX",137,0,79042,23831,0,0,0,243339,104,887207,662614,33,75,8.4,0.7,6.6,0.1,2.9,6.3,93.1,90910,56476,240289,22933,7.5,92.5,45.1,7,7,"Denton County, TX",61460,14494566,"424.0"
48123,"DeWitt","TX",26,0,0,0,0,0,0,9509,NA,20160,20097,42.8,75.7,9.3,0.4,0.2,0,2.3,12,50.4,52544,3135,7407,855,19.2,80.8,12.6,NA,0,"DeWitt County, TX",5687,445110,"1277.7"
48125,"Dickens","TX",0,0,0,0,0,0,0,0,NA,2211,2444,42.3,84,4.1,1.6,0.9,0,1.7,7.9,0,41973,366,930,68,15.6,84.4,18.5,NA,0,"Dickens County, TX",685,53405,"1282.7"
48127,"Dimmit","TX",12,0,0,0,0,0,0,9956,NA,10124,9996,35.7,88.6,1,0.3,0.6,0,1.6,7.9,60.5,40315,2537,3421,582,33.6,66.4,13.6,NA,0,"Dimmit County, TX",1963,225274,"871.4"
48129,"Donley","TX",0,0,0,0,0,0,0,0,NA,3278,3677,42.5,89.9,4.5,0.5,0.2,0.1,1.8,3,0,41093,500,1517,134,11.3,88.7,17.9,1,1,"Donley County, TX",1145,79993,"1431.4"
48131,"Duval","TX",0,0,0,0,0,0,0,0,NA,11157,11782,37.3,87,0.9,0.4,0.2,0,1.7,9.8,33,37100,2515,4090,619,31.4,68.6,9,NA,0,"Duval County, TX",2743,263595,"1040.6"
48133,"Eastland","TX",24,0,0,0,0,0,0,8666,NA,18360,18583,42.7,89.9,1.8,0.7,0.3,0,1.6,5.7,39.7,46991,2926,7465,735,15.6,84.4,16,NA,0,"Eastland County, TX",5896,404297,"1458.3"
48135,"Ector","TX",41,0,0,0,0,0,0,84846,24,166223,137130,31.4,76.3,4.5,1,0.8,0.1,2.5,14.9,90.5,65564,19781,48688,7293,24,76,15.4,1,1,"Ector County, TX",25382,3081664,"823.6"
48137,"Edwards","TX",0,0,0,0,0,0,0,0,NA,1932,2002,47.2,86.9,0.5,1.3,0.3,0,1.1,9.8,0,40424,399,839,67,27.9,72.1,18.2,1,1,"Edwards County, TX",451,44087,"1023.0"
48139,"Ellis","TX",177,0,0,0,0,0,0,77398,28,184826,149610,35,78.6,9,0.6,0.6,0.1,2.2,8.9,68,78341,15932,50503,5933,13.8,86.2,24.3,NA,0,"Ellis County, TX",23468,3232313,"726.0"
48141,"El Paso","TX",181,0,80515,8578,0,0,0,368773,93,839238,800647,31.3,82.1,3.1,0.8,1,0.1,2.5,10.5,97.8,48629,154504,256557,43871,21.5,78.5,23.3,17,17,"El Paso County, TX",106896,17093880,"625.3"
48143,"Erath","TX",68,0,0,0,0,0,0,17637,NA,42698,37890,31,85.6,1.2,0.8,0.7,0,1.7,10,53.7,53044,5937,14569,1172,11.7,88.3,31.5,1,1,"Erath County, TX",7124,832983,"855.2"
48145,"Falls","TX",0,0,0,0,0,0,0,5569,NA,17297,17866,39.9,60.6,25.3,0.6,0.3,0.1,1.9,11.3,32.6,41484,3314,6302,787,23.1,76.9,12.4,NA,0,"Falls County, TX",4515,390438,"1156.4"
48147,"Fannin","TX",0,0,0,0,0,0,0,10957,NA,35514,33915,41,86,6.8,1.1,0.4,0,2.1,3.6,29.5,56123,4287,12149,1221,14.5,85.5,17.4,NA,0,"Fannin County, TX",9459,736271,"1284.7"
48149,"Fayette","TX",13,0,0,0,0,0,0,8736,NA,25346,24554,46.4,83.5,6.6,0.7,0.3,0,1.4,7.5,32.9,62195,2710,10078,806,13.9,86.1,19.7,1,1,"Fayette County, TX",7000,529705,"1321.5"
48151,"Fisher","TX",0,0,0,0,0,0,0,1284,NA,3830,3974,45.7,86.7,3.4,0.5,0.2,0,2,7.2,0,51053,508,1668,142,13.9,86.1,18.6,NA,0,"Fisher County, TX",1201,88320,"1359.8"
48153,"Floyd","TX",0,0,0,0,0,0,0,2189,NA,5712,6446,38.5,76.3,3.6,0.7,0.2,0,1.2,18,46.7,45022,979,2402,285,25.8,74.2,15.9,NA,0,"Floyd County, TX",1635,144707,"1129.9"
48155,"Foard","TX",0,0,0,0,0,0,0,0,NA,1155,1336,46.7,90.6,4,0.2,0.4,0,0.7,4,0,38615,190,573,47,18.1,81.9,16.2,NA,0,"Foard County, TX",447,29982,"1490.9"
48157,"Fort Bend","TX",143,0,18719,16335,0,0,0,226145,83,811688,585375,35,50.6,21.5,0.4,17,0,2.9,7.6,94.5,101361,53151,187384,21064,9.4,90.6,46.2,3,3,"Fort Bend County, TX",53111,12732616,"417.1"
48159,"Franklin","TX",0,0,0,0,0,0,0,0,NA,10725,10605,42.1,86.5,3.9,0.7,0.5,0,1.8,6.6,30.9,50630,1528,4159,445,8.7,91.3,26.6,1,1,"Franklin County, TX",2550,228161,"1117.6"
48161,"Freestone","TX",29,0,0,0,0,0,0,7999,NA,19717,19816,40.9,73.1,16.1,0.7,0.3,0,1.6,8.1,33.5,52511,2801,7259,684,17.4,82.6,15.3,NA,0,"Freestone County, TX",4752,422396,"1125.0"
48163,"Frio","TX",0,0,0,0,0,0,0,11346,NA,20306,17217,32.3,77.4,3.4,0.5,2.1,0,2,14.6,77.8,40360,4664,4854,836,33.8,66.2,7.3,NA,0,"Frio County, TX",2876,389290,"738.8"
48165,"Gaines","TX",0,0,0,0,0,0,0,5520,NA,21492,17526,28.4,84,1.7,0.6,0.3,0,2,11.4,37,67171,2820,5606,514,38.2,61.8,11.4,NA,0,"Gaines County, TX",2454,386498,"634.9"
48167,"Galveston","TX",132,0,0,0,0,0,0,97013,54,342139,291309,37.2,72.5,13.8,0.6,3,0.1,2.7,7.4,93.9,73214,38181,108969,13002,11,89,31.1,2,2,"Galveston County, TX",54213,6482856,"836.3"
48169,"Garza","TX",61,0,0,0,0,0,0,0,NA,6229,6461,33.7,82.8,6.5,0.6,0.1,0,1.2,8.8,77.7,48975,1067,1671,204,38.4,61.6,13.9,NA,0,"Garza County, TX",1139,132615,"858.9"
48171,"Gillespie","TX",0,0,0,0,0,0,0,14746,NA,26988,24837,49.6,91.3,0.4,0.6,0.4,0,1.2,6.1,46.3,62143,2271,10572,713,11,89,32.2,1,1,"Gillespie County, TX",7105,533358,"1332.1"
48173,"Glasscock","TX",0,0,0,0,0,0,0,0,NA,1409,1226,38.2,85.2,1.2,0.3,0.1,0.2,1.2,11.8,0,93759,111,441,19,30.6,69.4,27.2,NA,0,"Glasscock County, TX",129,28699,"449.5"
48175,"Goliad","TX",9,0,0,0,0,0,0,0,NA,7658,7210,45.7,83.7,4.8,0.7,0.2,0,2.4,8.3,0,56758,1011,2868,258,17,83,17.3,NA,0,"Goliad County, TX",1652,159946,"1032.8"
48177,"Gonzales","TX",0,0,0,0,0,0,0,8927,NA,20837,19807,37.2,71.5,7.4,1,0.4,0,2.2,17.5,34.7,48425,3325,7120,957,23.3,76.7,13.1,NA,0,"Gonzales County, TX",4577,436692,"1048.1"
48179,"Gray","TX",4,0,0,0,0,0,0,11695,NA,21886,22535,38.8,81.5,4.9,0.9,0.4,0,2.4,9.9,80.6,52543,2888,8443,901,19.8,80.2,13.9,1,1,"Gray County, TX",6011,493319,"1218.5"
48181,"Grayson","TX",0,0,0,8049,0,0,0,92389,29,136212,120877,39.5,83.9,5.9,1.5,0.9,0,2.7,5.2,56.8,57439,15459,46905,5289,11.3,88.7,20.4,3,3,"Grayson County, TX",29772,2668311,"1115.8"
48183,"Gregg","TX",42,0,13360,0,0,0,0,39241,20,123945,121730,35.3,67.3,20,0.6,1.1,0,2.3,8.7,86.6,53137,19832,45798,6046,15.9,84.1,21.3,1,1,"Gregg County, TX",27747,2624009,"1057.4"
48185,"Grimes","TX",0,0,0,0,0,0,0,6258,NA,28880,26604,40,73,16.5,0.5,0.2,0,2.2,7.6,31.1,51651,4119,8902,1024,19.4,80.6,15.7,3,3,"Grimes County, TX",5758,580243,"992.3"
48187,"Guadalupe","TX",32,0,0,0,0,0,0,33202,19,166847,131533,36.4,79.8,6.5,0.7,1.4,0.1,3,8.4,73.8,78801,12234,45762,5345,11.3,88.7,28.2,4,4,"Guadalupe County, TX",19375,2814538,"688.4"
48189,"Hale","TX",10,0,4221,0,0,0,0,14740,NA,33406,36273,32.2,70.8,5.3,1,0.4,0.1,2.9,19.6,76.9,49187,5483,11846,1749,23.4,76.6,17.1,NA,0,"Hale County, TX",6861,778809,"881.0"
48191,"Hall","TX",0,0,0,0,0,0,0,0,NA,2964,3353,43.5,76.9,7.2,0.8,0.1,0.1,1.6,13.4,0,35940,739,1372,132,20.4,79.6,15.9,NA,0,"Hall County, TX",1142,74459,"1533.7"
48193,"Hamilton","TX",0,0,0,0,0,0,0,5936,NA,8461,8517,46.7,92.9,0.5,0.8,0.4,0,1,4.3,35.6,52505,1185,3442,276,16,84,22.4,1,1,"Hamilton County, TX",2960,183315,"1614.7"
48195,"Hansford","TX",0,0,0,0,0,0,0,1543,NA,5399,5613,35.5,81.8,0.6,0.9,0.3,0,2.3,14.1,59.7,58703,622,2006,164,32.2,67.8,15.1,1,1,"Hansford County, TX",1205,119232,"1010.6"
48197,"Hardeman","TX",0,0,0,0,0,0,0,1714,NA,3933,4139,42.7,85.5,5.9,0.6,0.3,0,2.6,5.1,0,40057,750,1722,201,21.1,78.9,13.7,NA,0,"Hardeman County, TX",1128,92953,"1213.5"
48199,"Hardin","TX",3,0,0,0,0,0,0,0,13,57602,54635,38.1,90.6,5.8,0.4,0.5,0,1.3,1.3,48.5,62616,6924,20462,2220,12,88,16.8,NA,0,"Hardin County, TX",11768,1174176,"1002.2"
48201,"Harris","TX",872,245,307431,146015,0,21935,0,1925850,494,4713325,4092459,32.2,56.6,18.9,0.7,6.2,0.1,3.2,14.3,98.8,61638,701075,1435155,198864,18.6,81.4,31.5,21,21,"Harris County, TX",509899,89547003,"569.4"
48203,"Harrison","TX",97,0,0,0,0,0,0,83832,10,66553,65631,37.4,68.6,21.9,0.7,0.5,0,1.7,6.5,43.9,55171,11600,24523,3144,14.7,85.3,19.1,NA,0,"Harrison County, TX",14020,1425675,"983.4"
48205,"Hartley","TX",0,0,0,0,0,0,0,0,NA,5576,6062,39,87,6.9,0.4,0.5,0,1.1,4.1,42.7,72796,383,1771,123,17.4,82.6,17.8,2,2,"Hartley County, TX",947,127745,"741.3"
48207,"Haskell","TX",0,0,0,0,0,0,0,2647,NA,5658,5899,44.6,82.7,3.7,0.7,0.5,0,2.6,9.8,52.4,38613,1061,2297,211,29.7,70.3,11.9,NA,0,"Haskell County, TX",1891,129020,"1465.7"
48209,"Hays","TX",176,0,5937,12196,0,0,0,89223,31,230191,157107,30.4,80.7,3.5,0.8,1.2,0.1,2.8,11,68.3,72890,24895,55245,5126,9.9,90.1,37.2,5,5,"Hays County, TX",17784,3500672,"508.0"
48211,"Hemphill","TX",0,0,0,0,0,0,0,1471,NA,3819,3807,35.9,86.9,0.2,0.4,0.5,0.1,1.8,10.1,73,71299,344,1382,103,17.9,82.1,21.2,1,1,"Hemphill County, TX",738,82310,"896.6"
48213,"Henderson","TX",0,0,0,0,0,0,0,48493,18,82737,78532,42.8,85.8,6.2,0.6,0.4,0,1.8,5.1,39.9,49896,14246,31020,3177,16.5,83.5,17.3,1,1,"Henderson County, TX",21798,1722589,"1265.4"
48215,"Hidalgo","TX",213,0,0,8123,0,0,0,371796,56,868707,774769,28.3,88,0.6,0.3,1,0,1.3,8.8,94.9,41656,231032,216471,36532,34.3,65.7,18.7,5,5,"Hidalgo County, TX",83237,16380793,"508.1"
48217,"Hill","TX",36,0,0,0,0,0,0,10844,10,36649,35089,41,83.5,6.3,0.5,0.3,0.1,2,7.2,23.7,53210,4700,13238,1333,16.5,83.5,17.4,NA,0,"Hill County, TX",9345,761989,"1226.4"
48219,"Hockley","TX",0,0,0,0,0,0,0,6503,NA,23021,22935,33.6,78.5,3.6,0.9,0.3,0,2.5,14.2,60.2,51149,3436,8242,1035,23.8,76.2,15.8,1,1,"Hockley County, TX",4672,506532,"922.4"
48221,"Hood","TX",67,0,0,0,0,0,0,22421,13,61643,51182,45.9,92.6,0.5,0.7,0.6,0.1,1.5,4.1,67.2,74534,5581,20795,1694,10.6,89.4,26.4,NA,0,"Hood County, TX",13232,1118924,"1182.6"
48223,"Hopkins","TX",12,0,0,0,0,0,0,21288,11,37084,35161,38.8,81.5,7.1,0.6,0.5,0.1,2,8.3,40.4,50332,5370,13308,1349,15.1,84.9,20.1,1,1,"Hopkins County, TX",8412,762290,"1103.5"
48225,"Houston","TX",109,0,0,0,0,0,0,8400,NA,22968,23732,43.6,67,26,0.4,0.4,0,1.4,4.7,26.5,43601,4230,8656,1018,18.8,81.2,15.2,NA,0,"Houston County, TX",6741,511111,"1318.9"
48227,"Howard","TX",0,192,0,0,0,57969,0,29595,12,36664,35012,38.5,74.1,6.2,0.9,0.8,0,2.1,15.9,79.9,61112,5281,11333,1588,20,80,12.6,NA,0,"Howard County, TX",8323,768775,"1082.6"
48229,"Hudspeth","TX",0,0,0,0,0,0,0,0,NA,4886,3476,36.5,78.8,1.4,1.1,0.5,0,2.2,16.1,0,39309,1343,1174,146,44.5,55.5,10.7,1,1,"Hudspeth County, TX",446,80486,"554.1"
48231,"Hunt","TX",27,0,35045,0,0,0,0,64793,13,98594,86129,37.8,81.6,8.3,0.9,1.1,0.2,2.4,5.6,43.4,57513,14114,32076,3481,15.5,84.5,19.9,NA,0,"Hunt County, TX",18746,1900011,"986.6"
48233,"Hutchinson","TX",0,0,0,0,0,0,0,7201,NA,20938,22150,37.8,85.5,2.5,1.6,0.4,0,2.7,7.1,77.4,57936,2351,8812,928,14,86,14,2,2,"Hutchinson County, TX",5601,487285,"1149.4"
48235,"Irion","TX",0,0,0,0,0,0,0,0,NA,1536,1599,45.1,91.6,0.7,0.4,0.2,0,2.1,5,0,68630,114,653,57,6.8,93.2,15,1,1,"Irion County, TX",286,35447,"806.8"
48237,"Jack","TX",0,0,0,0,0,0,0,3076,NA,8935,9044,39.2,87.5,3.8,0.7,0.3,0,1.1,6.6,46.8,55358,1212,3136,265,18,82,13.5,3,3,"Jack County, TX",2011,196612,"1022.8"
48239,"Jackson","TX",0,0,0,0,0,0,0,4169,NA,14760,14075,39.4,81.3,7,0.4,0.4,0,2.1,8.8,38.2,55800,1996,5284,525,17.6,82.4,16.5,1,1,"Jackson County, TX",3411,315664,"1080.6"
48241,"Jasper","TX",0,0,0,0,0,0,0,21996,NA,35529,35710,40.5,77.7,16.7,0.6,0.6,0,1.5,3,21.8,47252,6747,13770,1634,15,85,12.9,NA,0,"Jasper County, TX",9125,782019,"1166.9"
48243,"Jeff Davis","TX",88,0,0,0,0,0,0,0,NA,2274,2342,52,90.2,1,0.6,0.3,0,2,5.8,0,53362,278,1034,55,21.1,78.9,30.5,NA,0,"Jeff Davis County, TX",434,49495,"876.9"
48245,"Jefferson","TX",260,0,0,13584,0,0,0,195103,37,251565,252273,36,52.2,33.8,0.5,3.4,0,2,8.1,91.6,55173,39998,93441,13265,15.8,84.2,19.7,NA,0,"Jefferson County, TX",55629,5534105,"1005.2"
48247,"Jim Hogg","TX",0,0,0,0,0,0,0,0,NA,5200,5300,35.6,87.9,0.4,0.4,0.3,0,1.5,9.5,82.6,38788,1181,1902,269,25.5,74.5,13.4,NA,0,"Jim Hogg County, TX",1109,114720,"966.7"
48249,"Jim Wells","TX",0,0,0,0,0,0,0,28824,NA,40482,40838,34.9,87.2,0.6,0.7,0.4,0,1.6,9.5,59.9,44444,8385,13961,2245,25.1,74.9,12.2,NA,0,"Jim Wells County, TX",8326,893073,"932.3"
48251,"Johnson","TX",2,0,0,0,0,0,0,111458,26,175817,150934,36.3,87.2,2.6,0.7,0.7,0.3,2.1,6.3,62.1,66538,19035,52193,5876,14.3,85.7,18.7,NA,0,"Johnson County, TX",27126,3303475,"821.1"
48253,"Jones","TX",0,0,0,0,0,0,0,3232,NA,20083,20202,39,71.2,11.6,0.6,0.4,0,1.7,14.5,14.9,51094,3032,6034,581,21.6,78.4,11.7,NA,0,"Jones County, TX",4390,443311,"990.3"
48255,"Karnes","TX",0,0,0,0,0,0,0,9556,NA,15601,14824,37.2,70.2,9.3,0.5,0.2,0,1.3,18.4,61.6,54843,2644,4463,564,24.3,75.7,15.3,NA,0,"Karnes County, TX",3364,333403,"1009.0"
48257,"Kaufman","TX",14,316,0,0,0,98400,0,25304,22,136154,103350,35.4,79.1,10.4,0.7,0.9,0,2.3,6.6,51.2,75009,13108,34964,4096,14.2,85.8,20.5,NA,0,"Kaufman County, TX",18446,2233432,"825.9"
48259,"Kendall","TX",69,0,0,0,0,0,0,0,NA,47431,33410,44.1,90.7,0.5,0.6,0.6,0.1,1.9,5.7,41.8,94899,3468,12617,891,7.2,92.8,42.1,1,1,"Kendall County, TX",6777,749720,"903.9"
48261,"Kenedy","TX",0,0,0,0,0,0,0,0,NA,404,416,41.3,87.5,1.2,1.4,0.2,0,2.9,6.7,0,46132,57,147,16,73.6,26.4,1,NA,0,"Kenedy County, TX",76,9204,"825.7"
48263,"Kent","TX",10,0,0,0,0,0,0,0,NA,762,808,48.4,93.2,1,0.9,0,0,1.4,3.6,0,52591,81,350,31,14.2,85.8,25.4,1,1,"Kent County, TX",303,17504,"1731.0"
48265,"Kerr","TX",114,202,0,0,0,78599,0,29445,15,52600,49625,47.3,87.7,1.8,0.7,0.8,0.1,2.1,6.9,58.9,57789,6310,20550,1738,11.4,88.6,27.4,1,1,"Kerr County, TX",15076,1070452,"1408.4"
48267,"Kimble","TX",0,0,0,0,0,0,0,2039,NA,4337,4607,48.6,91.5,0.4,0.8,0.4,0.1,0.8,5.9,55.7,44757,730,2016,150,14.9,85.1,22.5,NA,0,"Kimble County, TX",1317,98849,"1332.3"
48269,"King","TX",0,0,0,0,0,0,0,0,NA,272,286,43.4,93.7,0,1,0,0,1.4,3.8,0,71256,30,113,7,20.3,79.7,20.9,NA,0,"King County, TX",34,6422,"529.4"
48271,"Kinney","TX",0,0,0,0,0,0,0,0,NA,3667,3598,45.3,88.6,1.5,0.7,0.3,0,2.1,6.9,79.5,47076,629,1350,77,21.5,78.5,12.1,NA,0,"Kinney County, TX",817,77934,"1048.3"
48273,"Kleberg","TX",0,0,0,0,0,0,0,22084,NA,30680,32061,29,79.9,3.7,0.6,2.3,0.1,2.4,10.9,81.1,47169,6804,11097,1699,21.6,78.4,24.6,NA,0,"Kleberg County, TX",5526,693022,"797.4"
48275,"Knox","TX",0,0,0,0,0,0,0,1309,NA,3664,3719,41.6,76.4,5.8,0.6,0.2,0,3,14.1,0,40808,679,1506,156,18.1,81.9,20.1,NA,0,"Knox County, TX",1277,84468,"1511.8"
48277,"Lamar","TX",0,0,0,0,0,0,0,36604,11,49859,49793,39.7,79.3,13.5,1.4,0.6,0,2.7,2.5,52.9,47061,9050,19829,2490,15.7,84.3,18.7,1,1,"Lamar County, TX",13397,1086373,"1233.2"
48279,"Lamb","TX",0,0,0,0,0,0,0,3383,NA,12893,13977,36.3,74.4,4.3,0.9,0.1,0,2.3,17.9,42.3,42719,2346,5081,637,25.1,74.9,14.4,1,1,"Lamb County, TX",3652,307091,"1189.2"
48281,"Lampasas","TX",28,0,0,0,0,0,0,7488,NA,21428,19677,41,85.3,3.2,0.9,1,0.2,3.2,6.2,31.7,58817,2627,7539,731,9,91,19.9,1,1,"Lampasas County, TX",4476,434224,"1030.8"
48283,"La Salle","TX",0,0,0,0,0,0,0,0,NA,7520,6886,30,89.7,0.5,0.6,0.1,0,1.2,8,53.6,41683,1561,1931,280,36.4,63.6,7.5,NA,0,"La Salle County, TX",1157,150626,"768.1"
48285,"Lavaca","TX",0,0,0,0,0,0,0,10085,NA,20154,19263,45.2,86,6.8,0.3,0.3,0.1,1.7,4.9,18.7,52632,2163,7808,644,14.4,85.6,16.7,NA,0,"Lavaca County, TX",5666,428292,"1322.9"
48287,"Lee","TX",293,0,0,0,0,0,0,0,NA,17239,16612,39.8,78.9,10.9,0.6,0.3,0.1,1.9,7.2,30.3,59250,1791,6151,586,15.4,84.6,14.6,NA,0,"Lee County, TX",3583,364065,"984.2"
48289,"Leon","TX",0,0,0,0,0,0,0,0,NA,17404,16801,45.7,84.9,7.2,0.4,0.5,0,1.4,5.6,0,50522,2494,6896,569,18.2,81.8,14,NA,0,"Leon County, TX",4629,363604,"1273.1"
48291,"Liberty","TX",7,0,0,0,0,0,0,25368,17,88219,75643,36.4,77.2,10.8,0.6,0.5,0,2,9,36.8,53274,11967,25073,3002,22.7,77.3,9.7,NA,0,"Liberty County, TX",16161,1699385,"951.0"
48293,"Limestone","TX",0,0,0,0,0,0,0,15657,NA,23437,23384,39,69,17.5,0.5,0.4,0,2,10.5,46.4,43644,4190,8499,1038,18.9,81.1,14.8,NA,0,"Limestone County, TX",6237,507641,"1228.6"
48295,"Lipscomb","TX",0,0,0,0,0,0,0,0,NA,3233,3302,37,86.2,0.8,1.1,0.3,0,2.2,9.4,0,65388,395,1263,114,17.9,82.1,19.7,1,1,"Lipscomb County, TX",709,71399,"993.0"
48297,"Live Oak","TX",0,0,0,0,0,0,0,0,NA,12207,11531,43.8,87.7,4.4,0.8,0.5,0,1.5,5.1,0,54163,1825,4257,405,23.1,76.9,12.2,1,1,"Live Oak County, TX",2463,261346,"942.4"
48299,"Llano","TX",0,0,0,0,0,0,0,4642,NA,21795,19301,55,94.9,0.6,0.6,0.4,0,1.4,2.1,54.8,55617,2338,9008,557,14.2,85.8,25.3,1,1,"Llano County, TX",6462,422657,"1528.9"
48301,"Loving","TX",0,0,0,0,0,0,0,0,NA,169,82,52.7,79.3,0,4.9,0,0,7.3,8.5,0,88487,12,39,5,19.7,80.3,0,NA,0,"Loving County, TX",15,2063,"Unreliable"
48303,"Lubbock","TX",205,0,9085,30902,0,0,0,140098,51,310569,278831,30.4,77.3,7.5,0.7,2.1,0.1,2.5,9.9,88.7,54733,53478,105781,12983,13.8,86.2,30.1,3,3,"Lubbock County, TX",50111,6088055,"823.1"
48305,"Lynn","TX",0,0,0,0,0,0,0,2178,NA,5951,5915,39.4,80.3,2.1,1.2,0.1,0,2.3,13.9,43.3,45737,944,2246,243,24.6,75.4,17.3,1,1,"Lynn County, TX",1359,132889,"1022.7"
48307,"McCulloch","TX",0,0,0,0,0,0,0,4748,NA,7984,8283,43.5,83.9,1.9,0.7,0.4,0,1.8,11.4,64.7,43262,1379,3338,353,23.2,76.8,17.3,NA,0,"McCulloch County, TX",2507,179299,"1398.2"
48309,"McLennan","TX",730,45,0,0,0,0,0,165655,39,256623,234906,32.7,69.8,14.8,0.6,1.4,0,2.5,10.9,76.6,51078,44574,86892,11363,15.1,84.9,24.2,1,1,"McLennan County, TX",45755,5144458,"889.4"
48311,"McMullen","TX",0,0,0,0,0,0,0,0,NA,743,707,49.8,90.9,1.1,0,0.4,0,2.5,5,0,68349,77,310,16,7.3,92.7,28.8,NA,0,"McMullen County, TX",177,16902,"1047.2"
48313,"Madison","TX",0,0,0,0,0,0,0,8948,NA,14284,13664,34.5,67,19.9,0.5,0.6,0,1.7,10.3,32.6,46274,2090,4187,515,19.2,80.8,14.7,NA,0,"Madison County, TX",2991,299021,"1000.3"
48315,"Marion","TX",0,0,0,0,0,0,0,0,NA,9854,10546,48.4,73.5,22,0.8,0.5,0,2.1,1,0,37876,2070,4595,446,14.8,85.2,14.7,NA,0,"Marion County, TX",3464,232276,"1491.3"
48317,"Martin","TX",0,0,0,0,0,0,0,4656,NA,5771,4799,34.7,84.7,1.6,0.6,0.3,0.1,1.8,10.9,0,68745,695,1649,204,22.6,77.4,18.3,2,2,"Martin County, TX",1037,110371,"939.6"
48319,"Mason","TX",0,0,0,0,0,0,0,0,NA,4274,4012,49.3,93,0.4,0.4,0.2,0,1,5,0,54914,500,1754,151,12.3,87.7,27.6,NA,0,"Mason County, TX",1090,87380,"1247.4"
48321,"Matagorda","TX",0,0,0,0,0,0,0,21882,NA,36643,36702,38.4,71.2,11.4,0.7,2,0,2.3,12.3,63.6,49276,6335,13894,1747,19.4,80.6,17.4,2,2,"Matagorda County, TX",8193,813900,"1006.6"
48323,"Maverick","TX",0,0,0,0,0,0,0,27056,NA,58722,54258,30,91.4,0.2,1.2,0.3,0,1,5.8,90.7,40017,15491,15563,2430,40.5,59.5,12.7,1,1,"Maverick County, TX",7557,1174251,"643.6"
48325,"Medina","TX",0,0,0,0,0,0,0,11563,NA,51584,46006,38.6,85.6,2.2,0.7,0.6,0.1,2.2,8.6,38.4,60695,5997,15530,1841,16.8,83.2,19.8,2,2,"Medina County, TX",8341,1001959,"832.5"
48327,"Menard","TX",0,0,0,0,0,0,0,0,NA,2138,2242,50.4,82.4,0.6,0.8,0.1,0,1.7,14.5,0,38425,435,994,91,22.1,77.9,18,NA,0,"Menard County, TX",771,48829,"1579.0"
48329,"Midland","TX",0,23,16344,22225,0,0,0,69237,29,176832,136872,33.5,76.9,6.6,0.7,1.3,0,2.4,12,87.7,85811,17401,50845,6178,15.5,84.5,27.4,1,1,"Midland County, TX",22137,3100578,"714.0"
48331,"Milam","TX",94,0,0,0,0,0,0,2842,NA,24823,24757,40.5,78.1,10,0.7,0.4,0,1.8,9,43.8,48989,3965,9408,1108,18.6,81.4,14.1,NA,0,"Milam County, TX",6508,543951,"1196.4"
48333,"Mills","TX",54,0,0,0,0,0,0,0,NA,4873,4936,45.7,90,0.5,0.4,0.2,0,1.5,7.4,0,46876,623,1975,172,17,83,18.3,2,2,"Mills County, TX",1553,108175,"1435.6"
48335,"Mitchell","TX",0,0,0,0,0,0,0,4877,NA,8545,9403,35.4,68.4,11.3,0.7,0.3,0,1.6,17.7,63.3,44457,1303,2809,304,21.3,78.7,11.3,NA,0,"Mitchell County, TX",2245,201576,"1113.7"
48337,"Montague","TX",0,0,0,0,0,0,0,2692,NA,19818,19719,43.6,93.2,0.3,0.9,0.3,0,1.6,3.6,41.1,53649,2517,7989,704,14.3,85.7,16.9,4,4,"Montague County, TX",6276,429653,"1460.7"
48339,"Montgomery","TX",3,0,26424,25684,0,0,0,141064,95,607391,455746,36.1,83.5,4.3,0.7,2.1,0.1,2.3,7,77.3,88833,53807,162530,16513,12.3,87.7,34.5,11,11,"Montgomery County, TX",64954,9887130,"657.0"
48341,"Moore","TX",0,0,0,0,0,0,0,7291,NA,20940,21904,30.7,72.5,1.5,1.3,6.1,0.1,2.1,16.4,83.2,55099,2463,7197,951,32.7,67.3,14.3,2,2,"Moore County, TX",3171,465139,"681.7"
48343,"Morris","TX",0,0,0,0,0,0,0,0,NA,12388,12934,42.2,69.7,23,0.7,0.3,0.1,2,4.2,21.6,43304,2220,5226,654,11.4,88.6,14.3,NA,0,"Morris County, TX",3897,282858,"1377.7"
48345,"Motley","TX",0,0,0,0,0,0,0,0,NA,1200,1210,49,92.1,2,0.8,0,0,1.1,4,0,40217,210,542,41,12.5,87.5,16.8,NA,0,"Motley County, TX",416,27324,"1522.5"
48347,"Nacogdoches","TX",25,0,0,0,0,0,0,54337,12,65204,64524,29.8,68.6,18.2,0.6,1.2,0,2,9.4,53.5,46207,12571,23861,2805,17.1,82.9,24.5,NA,0,"Nacogdoches County, TX",12513,1388720,"901.0"
48349,"Navarro","TX",122,0,0,0,0,0,0,22730,11,50113,47735,37.1,69.4,13.8,0.6,0.5,0.8,2.2,12.5,47.3,48649,6586,17380,2222,21.6,78.4,15.9,1,1,"Navarro County, TX",11499,1046077,"1099.2"
48351,"Newton","TX",0,0,0,0,0,0,0,0,NA,13595,14445,40.7,76.9,20.1,0.6,0.4,0,1.5,0.6,0,45890,2933,5476,648,16.6,83.4,9.7,NA,0,"Newton County, TX",3568,315800,"1129.8"
48353,"Nolan","TX",0,0,0,0,0,0,0,11123,NA,14714,15216,39,83.6,4.7,0.6,0.4,0,2.3,8.3,67.3,46389,2496,5999,799,17.7,82.3,15.2,NA,0,"Nolan County, TX",4171,331723,"1257.4"
48355,"Nueces","TX",136,0,0,11154,0,0,0,197697,54,362294,340223,35.1,81.5,4,0.6,1.7,0.1,2.4,9.6,93.6,56079,58465,124587,18387,17.2,82.8,21.8,3,3,"Nueces County, TX",59760,7464037,"800.6"
48357,"Ochiltree","TX",0,0,0,0,0,0,0,3157,NA,9836,10223,31.8,85.6,0.4,1,0.3,0,2.3,10.4,86.1,62567,1115,3617,431,25.6,74.4,15.6,1,1,"Ochiltree County, TX",1727,216895,"796.2"
48359,"Oldham","TX",250,0,0,0,0,0,0,0,NA,2112,2052,34.4,90.2,3,0.6,0.8,0,1.5,3.9,0,59404,245,691,49,9.7,90.3,22,NA,0,"Oldham County, TX",353,45700,"772.4"
48361,"Orange","TX",11,0,0,0,0,0,0,0,17,83396,81837,38.6,86.1,8.5,0.5,1,0.1,1.7,2.1,64.8,62976,10307,31031,3844,12.1,87.9,15.5,NA,0,"Orange County, TX",20442,1834351,"1114.4"
48363,"Palo Pinto","TX",0,0,0,0,0,0,0,18836,NA,29189,28111,40.3,87.1,2.2,0.7,0.5,0,1.8,7.6,49.8,50159,4960,10871,1218,15.8,84.2,16.6,1,1,"Palo Pinto County, TX",7323,613593,"1193.5"
48365,"Panola","TX",0,0,0,0,0,0,0,9815,NA,23194,23796,38.9,76.8,16.3,0.4,0.3,0,1.8,4.5,27.3,56882,3266,9271,1047,17.1,82.9,16.1,NA,0,"Panola County, TX",5986,513865,"1164.9"
48367,"Parker","TX",28,0,0,5423,0,0,0,26856,24,142878,116927,38.9,91.4,1.6,0.8,0.5,0,1.8,3.8,43.9,82501,11524,42069,3844,11.4,88.6,26.4,4,4,"Parker County, TX",20759,2520084,"823.7"
48369,"Parmer","TX",0,0,0,0,0,0,0,2048,NA,9605,10269,31.9,77.6,1.2,1,0.2,0.2,2.1,17.7,40,50607,1123,3413,347,29.2,70.8,17.9,NA,0,"Parmer County, TX",1768,219549,"805.3"
48371,"Pecos","TX",0,0,0,0,0,0,0,7254,NA,15823,15507,36.6,79.4,3.7,0.8,0.5,0,2.1,13.5,60.2,52763,2562,4894,641,30.9,69.1,9.8,NA,0,"Pecos County, TX",2698,347750,"775.8"
48373,"Polk","TX",0,0,0,0,0,0,0,26480,13,51353,45413,42.9,77.3,11.5,1.9,0.4,0,1.7,7.2,22.4,50416,7839,16503,1784,18.4,81.6,13.1,1,1,"Polk County, TX",13695,1013878,"1350.8"
48375,"Potter","TX",0,0,0,7344,0,0,0,137614,30,117415,121073,33,69.8,10.2,0.8,4,0.1,3,12.1,91,41138,22514,42933,6830,23,77,14.9,2,2,"Potter County, TX",26782,2614034,"1024.5"
48377,"Presidio","TX",0,0,0,0,0,0,0,0,NA,6704,7818,38.5,85.9,0.6,0.7,1,0,1.9,9.9,59.5,33499,1286,2906,353,46.6,53.4,21.2,NA,0,"Presidio County, TX",987,161489,"611.2"
48379,"Rains","TX",0,0,0,0,0,0,0,0,NA,12514,10914,45.8,91.2,2.3,1,0.5,0,1.6,3.4,6.8,65657,1667,4377,419,14.6,85.4,13.7,NA,0,"Rains County, TX",2824,239324,"1180.0"
48381,"Randall","TX",142,0,0,0,0,0,0,0,31,137713,120725,35.3,88.9,2.4,0.7,1.4,0,2.2,4.4,85.6,70694,12178,47975,4563,7.7,92.3,32.4,2,2,"Randall County, TX",20224,2644844,"764.7"
48383,"Reagan","TX",0,0,0,0,0,0,0,429,NA,3849,3367,33.5,77.1,2.1,0.6,0.2,0,1.8,18.2,86.7,67384,340,1156,118,17.8,82.2,10.5,NA,0,"Reagan County, TX",580,75869,"764.5"
48385,"Real","TX",0,0,0,0,0,0,0,0,NA,3452,3309,50.5,90.5,0.7,1.1,0.1,0.4,2,5.3,0,40834,597,1374,121,16.7,83.3,17.4,NA,0,"Real County, TX",1046,71861,"1455.6"
48387,"Red River","TX",0,0,0,0,0,0,0,0,NA,12023,12860,45.1,76.5,17.4,1,0.2,0,1.8,3.2,24.3,41325,2322,5469,600,14.6,85.4,12.5,NA,0,"Red River County, TX",4461,285769,"1561.1"
48389,"Reeves","TX",0,0,0,0,0,0,0,10558,NA,15976,13783,35.4,77.2,5,0.5,0.9,0,1.5,14.9,85.5,48990,2833,3839,554,30.3,69.7,12.3,1,1,"Reeves County, TX",2453,305590,"802.7"
48391,"Refugio","TX",0,0,0,0,0,0,0,3744,NA,6948,7383,43,80.5,6.5,0.6,0.4,0,2,10,39.3,46883,1224,2841,330,19.7,80.3,11.5,NA,0,"Refugio County, TX",2030,162919,"1246.0"
48393,"Roberts","TX",0,0,0,0,0,0,0,0,NA,854,929,41.3,93.8,0.1,0.3,0.2,0,2,3.6,0,70705,63,359,19,7.3,92.7,25,2,2,"Roberts County, TX",211,19322,"1092.0"
48395,"Robertson","TX",6,0,0,0,0,0,0,0,NA,17074,16622,40.4,67.7,21.6,0.6,0.6,0,2,7.6,26.1,47016,3499,6541,858,15.5,84.5,16.1,NA,0,"Robertson County, TX",4322,364269,"1186.5"
48397,"Rockwall","TX",0,0,0,0,0,0,0,32321,16,104915,78337,35.9,83.6,5.8,0.6,2.4,0.1,2.1,5.4,84,105763,4991,26448,2450,7.3,92.7,40.7,3,3,"Rockwall County, TX",10023,1651282,"607.0"
48399,"Runnels","TX",0,0,0,0,0,0,0,3133,NA,10264,10501,42.3,83.2,1.8,0.7,0.2,0,1.7,12.4,59.2,48650,1729,4165,487,20.8,79.2,18.1,NA,0,"Runnels County, TX",3181,233863,"1360.2"
48401,"Rusk","TX",0,0,0,0,0,0,0,14917,NA,54406,53330,38.6,72.2,17.7,0.5,0.4,0,2,7.1,34.1,56036,7426,18476,2109,19.4,80.6,15.5,2,2,"Rusk County, TX",11923,1135269,"1050.2"
48403,"Sabine","TX",0,0,0,0,0,0,0,3977,NA,10542,10834,50.5,89.1,7.2,0.5,0.3,0,1.6,1.2,0,43778,1834,4738,427,15.3,84.7,17.6,NA,0,"Sabine County, TX",3722,231214,"1609.8"
48405,"San Augustine","TX",0,0,0,0,0,0,0,4479,NA,8237,8865,47.1,71.9,22.7,0.4,0.3,0,1.4,3.3,0,40094,1799,3625,374,17.7,82.3,14,NA,0,"San Augustine County, TX",2995,192694,"1554.3"
48407,"San Jacinto","TX",0,0,0,0,0,0,0,0,NA,28859,26384,43,82.2,10.3,0.6,0.5,0,2,4.4,0,42633,4809,10096,1099,15.5,84.5,11.2,NA,0,"San Jacinto County, TX",6032,571477,"1055.5"
48409,"San Patricio","TX",76,0,0,0,0,0,0,0,NA,66730,64804,36.1,85.9,1.7,0.6,0.8,0.1,2.4,8.5,80.3,57302,9507,22637,3174,20.1,79.9,15.6,4,4,"San Patricio County, TX",12869,1465509,"878.1"
48411,"San Saba","TX",26,0,0,0,0,0,0,0,NA,6055,6131,40.6,84.3,3.3,0.8,0.2,0,1.5,9.9,50.6,46061,1104,2257,198,25.2,74.8,14.1,NA,0,"San Saba County, TX",1625,132271,"1228.5"
48413,"Schleicher","TX",0,0,0,0,0,0,0,703,NA,2793,3461,33.7,80.3,1.1,0.5,0.1,0,2.8,15.2,0,53286,417,1182,121,20.4,79.6,16.6,NA,0,"Schleicher County, TX",661,67959,"972.6"
48415,"Scurry","TX",0,0,0,0,0,0,0,8507,NA,16703,16921,36.8,78.7,4.7,0.6,0.3,0,2.3,13.3,68.3,56299,2217,5838,686,21.3,78.7,16.2,1,1,"Scurry County, TX",3765,366853,"1026.3"
48417,"Shackelford","TX",7,0,0,0,0,0,0,0,NA,3265,3378,42.9,93.1,0.9,0.6,0.3,0,1.8,3.3,0,65095,413,1367,126,13.6,86.4,30.5,NA,0,"Shackelford County, TX",832,73168,"1137.1"
48419,"Shelby","TX",0,0,0,0,0,0,0,0,NA,25274,25448,37.6,68.6,17.4,0.3,0.3,0,1.4,11.9,20.6,39708,5346,9648,1099,23.6,76.4,13.8,NA,0,"Shelby County, TX",6681,558726,"1195.8"
48421,"Sherman","TX",0,0,0,0,0,0,0,0,NA,3022,3034,36.8,88.3,0.5,0.8,0.2,0,1.5,8.7,0,55473,331,1081,93,21,79,15,2,2,"Sherman County, TX",591,67407,"876.8"
48423,"Smith","TX",127,45,0,37667,0,0,0,153695,50,232751,209714,35.6,70.1,17.9,0.5,1.2,0,2,8.1,68.4,59538,29285,79055,9081,14.2,85.8,26.4,2,2,"Smith County, TX",42009,4523343,"928.7"
48425,"Somervell","TX",5,0,0,0,0,0,0,5554,NA,9128,8490,40.3,85,0.7,0.8,0.6,0,2.7,10.1,0,67897,842,3078,275,10.4,89.6,26.4,NA,0,"Somervell County, TX",1815,179347,"1012.0"
48427,"Starr","TX",0,0,0,0,0,0,0,10437,NA,64633,60968,29,96.1,0.1,0.1,0.2,0,0.5,3,76.3,32516,20741,17001,2781,46.7,53.3,9.9,NA,0,"Starr County, TX",8006,1323111,"605.1"
48429,"Stephens","TX",0,0,0,0,0,0,0,4324,NA,9366,9630,40.1,84.7,2.1,0.5,0.3,0,1.7,10.6,60.6,46658,1477,3665,379,21.5,78.5,16.2,NA,0,"Stephens County, TX",2557,208685,"1225.3"
48431,"Sterling","TX",0,0,0,0,0,0,0,0,NA,1291,1143,41.8,88.6,1.2,2,0,0,1.9,6.2,0,66790,134,440,36,10.6,89.4,9.5,NA,0,"Sterling County, TX",282,27822,"1013.6"
48433,"Stonewall","TX",0,0,0,0,0,0,0,666,NA,1350,1490,46.3,87.7,2.6,0.5,0.9,0,1.9,6.3,0,48267,199,642,52,18.7,81.3,14.8,NA,0,"Stonewall County, TX",518,32036,"1616.9"
48435,"Sutton","TX",0,0,0,0,0,0,0,1809,NA,3776,4128,38.7,88.7,0.4,0.4,0.2,0,1.5,8.7,81.2,63427,494,1550,160,26.1,73.9,17.1,NA,0,"Sutton County, TX",761,88835,"856.6"
48437,"Swisher","TX",0,0,0,0,0,0,0,1934,NA,7397,7854,37,75.1,7.2,0.9,0.1,0.1,1.9,14.6,62.4,44388,1393,2762,322,26.7,73.3,15.3,NA,0,"Swisher County, TX",1843,171892,"1072.2"
48439,"Tarrant","TX",158,83,72211,92346,0,0,0,915999,272,2102515,1809034,33.4,66.6,14.9,0.7,4.7,0.2,3,10,98.7,70130,211454,657134,84354,13.9,86.1,32.3,8,8,"Tarrant County, TX",248348,39288156,"632.1"
48441,"Taylor","TX",103,0,23448,15707,0,0,0,100263,26,138034,131506,32.8,79.4,7.4,0.7,1.6,0.1,3.2,7.6,84,54465,18724,50725,6009,10.7,89.3,25.2,2,2,"Taylor County, TX",27909,2890457,"965.6"
48443,"Terrell","TX",0,0,0,0,0,0,0,0,NA,776,984,44.5,84.1,0.7,0.9,0.4,0,1.5,12.3,0,45677,136,430,25,13.5,86.5,18.4,NA,0,"Terrell County, TX",247,20191,"1223.3"
48445,"Terry","TX",0,0,0,0,0,0,0,4474,NA,12337,12651,35.1,81.3,4.8,0.6,0.2,0,2.6,10.5,75.3,42953,2438,4200,537,31.6,68.4,11.4,NA,0,"Terry County, TX",2848,276558,"1029.8"
48447,"Throckmorton","TX",0,0,0,0,0,0,0,412,NA,1501,1641,46.6,94.8,0.7,0.7,0.4,0,0.8,2.6,0,42746,209,721,57,13.4,86.6,21.7,NA,0,"Throckmorton County, TX",490,36168,"1354.8"
48449,"Titus","TX",0,0,0,0,0,0,0,21126,NA,32750,32334,32.5,67.6,9.6,1.1,0.7,0,2.3,18.7,49.4,49924,5246,10813,1448,23.3,76.7,16.3,1,1,"Titus County, TX",6006,681728,"881.0"
48451,"Tom Green","TX",32,0,17646,0,0,0,0,68155,25,119200,110224,34.3,81.7,4,0.8,1,0.1,2.8,9.5,84.4,54774,14713,42331,5073,13.7,86.3,24.5,2,2,"Tom Green County, TX",22841,2438046,"936.9"
48453,"Travis","TX",296,98,79803,30389,0,88834,0,431673,163,1273954,1024266,31.9,69.3,8.5,0.8,5.8,0.1,3.3,12.2,94.5,80690,134983,404467,40395,10.7,89.3,50,8,8,"Travis County, TX",105668,22660747,"466.3"
48455,"Trinity","TX",0,0,0,0,0,0,0,0,NA,14651,14585,47.3,84.3,9.4,0.5,0.3,0,1.5,3.9,22.8,43788,2597,6142,618,16.9,83.1,12.9,NA,0,"Trinity County, TX",4855,315665,"1538.0"
48457,"Tyler","TX",37,0,0,0,0,0,0,7384,NA,21672,21766,42.1,82.4,11,0.5,0.2,0,1.2,4.6,21.9,48254,3380,8007,727,18,82,13.4,NA,0,"Tyler County, TX",5771,468482,"1231.9"
48459,"Upshur","TX",6,0,0,0,0,0,0,0,NA,41753,39309,40.5,85.1,8.7,0.7,0.4,0,2.2,3,20.7,53078,6124,14925,1567,14.2,85.8,17.1,NA,0,"Upshur County, TX",9700,857114,"1131.7"
48461,"Upton","TX",0,0,0,0,0,0,0,2086,NA,3657,3355,36.5,75,1.9,1.7,0,0,2.1,19.3,0,58908,495,1256,148,24.4,75.6,9.6,1,1,"Upton County, TX",709,74459,"952.2"
48463,"Uvalde","TX",0,0,0,0,0,0,0,24127,NA,26741,26405,35.3,78.1,0.6,0.6,0.5,0,3,17.2,68.6,44690,5174,9025,1341,24.2,75.8,17.9,NA,0,"Uvalde County, TX",5325,583579,"912.5"
48465,"Val Verde","TX",13,0,0,0,0,0,0,26247,NA,49025,48879,32.3,85,1.5,0.5,0.5,0.1,2.1,10.4,89.8,45034,9786,15654,2251,31.8,68.2,18.4,1,1,"Val Verde County, TX",7691,1050138,"732.4"
48467,"Van Zandt","TX",15,64,0,0,0,0,0,0,11,56590,52579,42.1,90.9,2.7,0.9,0.3,0.1,1.8,3.3,25,55554,7586,20047,1846,15.4,84.6,15.8,NA,0,"Van Zandt County, TX",13866,1153038,"1202.6"
48469,"Victoria","TX",143,0,0,4196,0,0,0,78322,15,92084,86793,36.4,79.5,6.4,0.6,1,0,2.4,10.1,73.4,57344,12924,32187,4429,16.2,83.8,20,1,1,"Victoria County, TX",16961,1930871,"878.4"
48471,"Walker","TX",178,0,0,0,0,0,0,25056,NA,72971,67861,34.5,67.1,22.5,0.4,0.9,0,2.1,7,54.4,47519,11810,20969,2263,14,86,20.8,NA,0,"Walker County, TX",10598,1480317,"715.9"
48473,"Waller","TX",0,0,0,0,0,0,0,0,NA,55246,43205,31.7,58.5,24.9,0.8,0.5,0,2.2,13.2,38.4,61822,6687,14040,1667,17.5,82.5,21.1,4,4,"Waller County, TX",6334,943882,"671.1"
48475,"Ward","TX",17,0,0,0,0,0,0,6323,NA,11998,10658,37,77.2,4.9,0.9,0.3,0,3.3,13.4,72.1,61396,1462,3995,494,21.4,78.6,12.5,NA,0,"Ward County, TX",2452,241185,"1016.6"
48477,"Washington","TX",0,0,0,0,0,0,0,19672,NA,35882,33718,41.6,74.2,17.6,0.3,1.3,0,1.6,5,46.5,59039,3534,13037,1291,13.3,86.7,26.8,3,3,"Washington County, TX",8065,728483,"1107.1"
48479,"Webb","TX",46,0,0,6682,0,0,0,108354,16,276652,250304,27.8,88,0.5,0.4,0.6,0,1.5,9.1,97.4,52576,57053,67106,12420,32.4,67.6,18.9,5,5,"Webb County, TX",26571,5333013,"498.2"
48481,"Wharton","TX",0,0,0,0,0,0,0,7728,NA,41556,41280,37.2,72.2,14.1,0.4,0.4,0,1.8,11.1,50.1,49901,6711,15132,1934,21.7,78.3,18,NA,0,"Wharton County, TX",9194,907291,"1013.3"
48483,"Wheeler","TX",0,0,0,0,0,0,0,2183,NA,5056,5410,40.2,82.6,2.1,0.8,0.4,0,2.3,11.8,0,58544,579,2181,202,19.8,80.2,16.8,1,1,"Wheeler County, TX",1589,116218,"1367.3"
48485,"Wichita","TX",39,0,25182,20178,0,223774,0,88475,28,132230,131500,33.9,77.1,10.5,1.1,2,0.1,2.9,6.4,89.3,51535,16584,49016,6144,13.4,86.6,23.1,2,2,"Wichita County, TX",29307,2892710,"1013.1"
48487,"Wilbarger","TX",36,0,0,0,0,193119,0,7881,NA,12769,13535,38,78.2,8,1.1,0.7,0,2.5,9.4,78.1,42570,1841,5289,681,22.8,77.2,15.2,NA,0,"Wilbarger County, TX",3784,297449,"1272.2"
48489,"Willacy","TX",0,0,0,0,0,0,0,0,NA,21358,22134,32.1,85.8,2.1,0.3,0.6,0,1.8,9.3,65.4,35821,5482,5764,900,34.3,65.7,8.9,NA,0,"Willacy County, TX",3262,468798,"695.8"
48491,"Williamson","TX",275,0,42011,17357,0,0,0,160065,78,590551,422679,34.2,78.1,6.2,0.6,4.8,0.1,3.2,6.9,88,92661,31514,152606,16169,6.8,93.2,41.3,5,5,"Williamson County, TX",44451,9179013,"484.3"
48493,"Wilson","TX",0,0,0,0,0,0,0,11509,NA,51070,42918,40,89.1,1.6,0.7,0.4,0,2.1,6.1,14.1,76905,4172,15009,1420,12.4,87.6,21.8,1,1,"Wilson County, TX",7409,926303,"799.8"
48495,"Winkler","TX",0,0,0,0,0,0,0,2444,NA,8010,7110,34.7,73.7,2.2,1,0.2,0,3.1,19.8,81.9,64894,983,2578,341,30.8,69.2,8.2,NA,0,"Winkler County, TX",1626,160332,"1014.1"
48497,"Wise","TX",28,0,0,0,0,0,0,27081,13,69984,59127,38.4,88.7,1.1,0.8,0.4,0,2.1,6.9,27.9,70468,5745,21015,1911,14.7,85.3,18,5,5,"Wise County, TX",11213,1298929,"863.2"
48499,"Wood","TX",27,0,0,0,0,0,0,21138,10,45539,41964,47.5,88.7,4.7,0.7,0.4,0.1,1.4,4.1,25.8,56945,6231,17118,1296,15.3,84.7,16.6,NA,0,"Wood County, TX",12762,912558,"1398.5"
48501,"Yoakum","TX",0,0,0,0,0,0,0,4946,NA,8713,7879,32.8,74.5,0.9,0.7,0.4,0,2.7,20.8,62.7,62636,916,2643,267,36.5,63.5,12.7,NA,0,"Yoakum County, TX",1324,173991,"761.0"
48503,"Young","TX",0,0,0,0,0,0,0,9163,NA,18010,18550,41.8,90.3,1.3,0.7,0.4,0,1.9,5.4,66.4,52643,2405,7343,763,17,83,19.3,NA,0,"Young County, TX",5720,398210,"1436.4"
48505,"Zapata","TX",0,0,0,0,0,0,0,0,NA,14179,14018,28.3,93.6,0.1,0.3,0.2,0,0.6,5.2,76.5,36069,4243,4297,671,38.1,61.9,11.6,NA,0,"Zapata County, TX",1954,298205,"655.3"
48507,"Zavala","TX",0,0,0,0,0,0,0,0,NA,11840,11677,30.8,88.2,0.8,0.4,0,0.1,1.4,9.1,62,32538,3374,3573,712,33.1,66.9,10.9,NA,0,"Zavala County, TX",2138,259339,"824.4"
